"ann@example.com","secret","Ann","Arty","123-456-7890","US"
"bob@example.com","secret","Bob","Barker","234-567-8901","US"
"carol@example.com","secret","Carol","Carter","345-678-9012","US"
"donna@example.com","secret","Donna","Doe","456-789-0123","US"
"earl@example.com","secret","Earl","Ernest","567-789-0123","US"
"fred@example.com","secret","Fred","Furious","678-901-2345","FR"
"gary@example.com","secret","Gary","Garter","789-012-3456","US"
"holly@example.com","secret","Holly","Harrington","890-123-4567","US"
"issac@example.com","secret","Issac","Ivan","901-234-5678","US"
"jane@example.com","secret","Jane","Janus","112-233-4455","US"
"kathline@example.com","secret","Kathline","Karter","223-344-5566","US"
"logan@example.com","secret","Logan","Logwood","334-455-6677","US"
"malorie@example.com","secret","Malorie","Morewood","445-566-7788","US"
"nathan@example.com","secret","Nathan","Norman","556-677-8899","US"
"olivia@example.com","secret","Olivia","Olive","667-788-9900","US"